{"cameraMode":{"drawMode":0,"name":"Shaded","section":"Shading Mode"},"sceneLighting":true,"audioPlay":false,"sceneViewState":{"showFog":true,"showMaterialUpdate":false,"showSkybox":true,"showFlares":true,"showImageEffects":true,"showParticleSystems":true,"showVisualEffectGraphs":true,"m_FxEnabled":true},"in2DMode":false,"pivot":{"x":0.20821627974510194,"y":1.3311781883239747,"z":-5.7098798751831059},"rotation":{"x":-0.10996163636445999,"y":0.8861176371574402,"z":-0.35692742466926577,"w":-0.2739409804344177},"size":2.996185302734375,"orthographic":false}