{"cameraMode":{"drawMode":0,"name":"Shaded","section":"Shading Mode"},"sceneLighting":false,"audioPlay":false,"sceneViewState":{"showFog":true,"showMaterialUpdate":false,"showSkybox":false,"showFlares":true,"showImageEffects":true,"showParticleSystems":true,"showVisualEffectGraphs":true,"m_FxEnabled":true},"in2DMode":false,"pivot":{"x":0.12820984423160554,"y":1.3926701545715333,"z":-6.095729827880859},"rotation":{"x":-0.019259825348854066,"y":0.9041641354560852,"z":-0.04099543020129204,"w":-0.42477867007255556},"size":8.653892517089844,"orthographic":false}