{"cameraMode":{"drawMode":0,"name":"Shaded","section":"Shading Mode"},"sceneLighting":false,"audioPlay":false,"sceneViewState":{"showFog":false,"showMaterialUpdate":false,"showSkybox":false,"showFlares":false,"showImageEffects":false,"showParticleSystems":false,"showVisualEffectGraphs":true,"m_FxEnabled":true},"in2DMode":false,"pivot":{"x":-0.7194483876228333,"y":0.8631408214569092,"z":-0.11220088601112366},"rotation":{"x":-0.0028711543418467046,"y":0.9932591915130615,"z":-0.11252568662166596,"w":-0.025029677897691728},"size":1.3040506839752198,"orthographic":false}